{
    "name": "root",
    "metadata": {
        "timer_format_version": "0.1.0",
        "start_time_seconds": "1772588015",
        "python_version": "3.10.12 | packaged by Anaconda, Inc. | (main, Jul  5 2023, 19:01:18) [MSC v.1916 64 bit (AMD64)]",
        "command_line_arguments": "C:\\Users\\AkZer\\anaconda3\\envs\\mlagents\\Scripts\\mlagents-learn config.yaml --run-id=Boxer_TestUltimeFinal --force",
        "mlagents_version": "1.1.0",
        "mlagents_envs_version": "1.1.0",
        "communication_protocol_version": "1.5.0",
        "pytorch_version": "2.5.1+cu121",
        "numpy_version": "1.23.5",
        "end_time_seconds": "1772588071"
    },
    "total": 56.153803100001824,
    "count": 1,
    "self": 0.006106600005296059,
    "children": {
        "run_training.setup": {
            "total": 0.08003430000098888,
            "count": 1,
            "self": 0.08003430000098888
        },
        "TrainerController.start_learning": {
            "total": 56.06766219999554,
            "count": 1,
            "self": 0.024043700082984287,
            "children": {
                "TrainerController._reset_env": {
                    "total": 10.429390799996327,
                    "count": 27,
                    "self": 10.429390799996327
                },
                "TrainerController.advance": {
                    "total": 45.435596599920245,
                    "count": 1252,
                    "self": 0.02543539976613829,
                    "children": {
                        "env_step": {
                            "total": 45.04550870003732,
                            "count": 1252,
                            "self": 24.917354200195405,
                            "children": {
                                "SubprocessEnvManager._take_step": {
                                    "total": 20.11407169997983,
                                    "count": 1252,
                                    "self": 0.2063139001475065,
                                    "children": {
                                        "TorchPolicy.evaluate": {
                                            "total": 19.907757799832325,
                                            "count": 2503,
                                            "self": 19.907757799832325
                                        }
                                    }
                                },
                                "workers": {
                                    "total": 0.01408279986208072,
                                    "count": 1251,
                                    "self": 0.0,
                                    "children": {
                                        "worker_root": {
                                            "total": 47.122867299971404,
                                            "count": 1251,
                                            "is_parallel": true,
                                            "self": 28.10417159978533,
                                            "children": {
                                                "steps_from_proto": {
                                                    "total": 0.029972400021506473,
                                                    "count": 54,
                                                    "is_parallel": true,
                                                    "self": 0.011977299982390832,
                                                    "children": {
                                                        "_process_rank_one_or_two_observation": {
                                                            "total": 0.01799510003911564,
                                                            "count": 108,
                                                            "is_parallel": true,
                                                            "self": 0.01799510003911564
                                                        }
                                                    }
                                                },
                                                "UnityEnvironment.step": {
                                                    "total": 18.988723300164565,
                                                    "count": 1251,
                                                    "is_parallel": true,
                                                    "self": 0.4977327001397498,
                                                    "children": {
                                                        "UnityEnvironment._generate_step_input": {
                                                            "total": 1.5715009000268765,
                                                            "count": 1251,
                                                            "is_parallel": true,
                                                            "self": 1.5715009000268765
                                                        },
                                                        "communicator.exchange": {
                                                            "total": 15.589771299928543,
                                                            "count": 1251,
                                                            "is_parallel": true,
                                                            "self": 15.589771299928543
                                                        },
                                                        "steps_from_proto": {
                                                            "total": 1.329718400069396,
                                                            "count": 2502,
                                                            "is_parallel": true,
                                                            "self": 0.5364983997787931,
                                                            "children": {
                                                                "_process_rank_one_or_two_observation": {
                                                                    "total": 0.7932200002906029,
                                                                    "count": 5004,
                                                                    "is_parallel": true,
                                                                    "self": 0.7932200002906029
                                                                }
                                                            }
                                                        }
                                                    }
                                                }
                                            }
                                        }
                                    }
                                }
                            }
                        },
                        "trainer_advance": {
                            "total": 0.3646525001167902,
                            "count": 1251,
                            "self": 0.15341150018502958,
                            "children": {
                                "process_trajectory": {
                                    "total": 0.2112409999317606,
                                    "count": 1251,
                                    "self": 0.2112409999317606
                                }
                            }
                        }
                    }
                },
                "trainer_threads": {
                    "total": 8.999995770864189e-07,
                    "count": 1,
                    "self": 8.999995770864189e-07
                },
                "TrainerController._save_models": {
                    "total": 0.17863019999640528,
                    "count": 1,
                    "self": 0.002310199990461115,