{
    "name": "root",
    "gauges": {
        "Boxer.Policy.Entropy.mean": {
            "value": 3.5986714363098145,
            "min": 3.587308406829834,
            "max": 3.6146254539489746,
            "count": 34
        },
        "Boxer.Policy.Entropy.sum": {
            "value": 29480.31640625,
            "min": 29389.705078125,
            "max": 59220.5859375,
            "count": 34
        },
        "Boxer.Step.mean": {
            "value": 339968.0,
            "min": 9984.0,
            "max": 339968.0,
            "count": 34
        },
        "Boxer.Step.sum": {
            "value": 339968.0,
            "min": 9984.0,
            "max": 339968.0,
            "count": 34
        },
        "Boxer.Policy.ExtrinsicValueEstimate.mean": {
            "value": -0.19589272141456604,
            "min": -0.19589272141456604,
            "max": 0.06778203696012497,
            "count": 34
        },
        "Boxer.Policy.ExtrinsicValueEstimate.sum": {
            "value": -30.55926513671875,
            "min": -30.55926513671875,
            "max": 10.573997497558594,
            "count": 34
        },
        "Boxer.IsTraining.mean": {
            "value": 1.0,
            "min": 1.0,
            "max": 1.0,
            "count": 34
        },
        "Boxer.IsTraining.sum": {
            "value": 1.0,
            "min": 1.0,
            "max": 1.0,
            "count": 34
        },
        "Boxer.Losses.PolicyLoss.mean": {
            "value": 0.017312914978093532,
            "min": 0.013635344872315928,
            "max": 0.022637283514389612,
            "count": 13
        },
        "Boxer.Losses.PolicyLoss.sum": {
            "value": 0.017312914978093532,
            "min": 0.013635344872315928,
            "max": 0.022637283514389612,
            "count": 13
        },
        "Boxer.Losses.ValueLoss.mean": {
            "value": 0.00022636171625991765,
            "min": 0.00022636171625991765,
            "max": 0.021259114249712892,
            "count": 13
        },
        "Boxer.Losses.ValueLoss.sum": {
            "value": 0.00022636171625991765,
            "min": 0.00022636171625991765,
            "max": 0.021259114249712892,
            "count": 13
        },
        "Boxer.Policy.LearningRate.mean": {
            "value": 0.00028083072638975995,
            "min": 0.00028083072638975995,
            "max": 0.00029852544049151984,
            "count": 13
        },
        "Boxer.Policy.LearningRate.sum": {
            "value": 0.00028083072638975995,
            "min": 0.00028083072638975995,
            "max": 0.00029852544049151984,
            "count": 13
        },
        "Boxer.Policy.Epsilon.mean": {
            "value": 0.19361024000000002,
            "min": 0.19361024000000002,
            "max": 0.19950848000000007,
            "count": 13
        },
        "Boxer.Policy.Epsilon.sum": {
            "value": 0.19361024000000002,
            "min": 0.19361024000000002,
            "max": 0.19950848000000007,
            "count": 13
        },
        "Boxer.Policy.Beta.mean": {
            "value": 0.004681150976,
            "min": 0.004681150976,
            "max": 0.0049754731520000005,
            "count": 13
        },
        "Boxer.Policy.Beta.sum": {
            "value": 0.004681150976,
            "min": 0.004681150976,
            "max": 0.0049754731520000005,
            "count": 13
        }
    },
    "metadata": {
        "timer_format_version": "0.1.0",
        "start_time_seconds": "1772039485",
        "python_version": "3.10.12 | packaged by Anaconda, Inc. | (main, Jul  5 2023, 19:01:18) [MSC v.1916 64 bit (AMD64)]",
        "command_line_arguments": "C:\\Users\\AkZer\\anaconda3\\envs\\mlagents\\Scripts\\mlagents-learn config.yaml --env=build/Boxe_Build --run-id=Boxer_Turbo_01 --no-graphics --num-envs=1 --force --time-scale=20",
        "mlagents_version": "1.1.0",
        "mlagents_envs_version": "1.1.0",
        "communication_protocol_version": "1.5.0",
        "pytorch_version": "2.5.1+cu121",
        "numpy_version": "1.23.5",
        "end_time_seconds": "1772039634"
    },
    "total": 148.95785570000226,
    "count": 1,
    "self": 1.1362741000011738,
    "children": {
        "run_training.setup": {
            "total": 0.0819684000016423,
            "count": 1,
            "self": 0.0819684000016423
        },
        "TrainerController.start_learning": {
            "total": 147.73961319999944,
            "count": 1,
            "self": 0.055841499986854615,
            "children": {
                "TrainerController._reset_env": {
                    "total": 4.774422499995126,
                    "count": 4,
                    "self": 4.774422499995126
                },
                "TrainerController.advance": {
                    "total": 142.76431060001778,
                    "count": 2688,
                    "self": 0.06436510001367424,
                    "children": {
                        "env_step": {
                            "total": 59.80026660001022,
                            "count": 2688,
                            "self": 42.10257440017449,
                            "children": {
                                "SubprocessEnvManager._take_step": {
                                    "total": 17.66588539987788,
                                    "count": 2688,
                                    "self": 0.34069679985623225,
                                    "children": {
                                        "TorchPolicy.evaluate": {
                                            "total": 17.325188600021647,
                                            "count": 2688,
                                            "self": 17.325188600021647
                                        }
                                    }
                                },
                                "workers": {
                                    "total": 0.03180679995784885,
                                    "count": 2688,
                                    "self": 0.0,
                                    "children": {
                                        "worker_root": {
                                            "total": 142.42417670006762,
                                            "count": 2688,
                                            "is_parallel": true,
                                            "self": 113.73017180015086,
                                            "children": {
                                                "steps_from_proto": {
                                                    "total": 0.0041955999986384995,
                                                    "count": 4,
                                                    "is_parallel": true,
                                                    "self": 0.0013032999995630234,
                                                    "children": {
                                                        "_process_rank_one_or_two_observation": {
                                                            "total": 0.002892299999075476,
                                                            "count": 8,
                                                            "is_parallel": true,
                                                            "self": 0.002892299999075476
                                                        }
                                                    }
                                                },
                                                "UnityEnvironment.step": {
                                                    "total": 28.689809299918124,
                                                    "count": 2688,
                                                    "is_parallel": true,
                                                    "self": 1.2517017997743096,