{
    "name": "root",
    "metadata": {
        "timer_format_version": "0.1.0",
        "start_time_seconds": "1772478069",
        "python_version": "3.10.12 | packaged by Anaconda, Inc. | (main, Jul  5 2023, 19:01:18) [MSC v.1916 64 bit (AMD64)]",
        "command_line_arguments": "C:\\Users\\AkZer\\anaconda3\\envs\\mlagents\\Scripts\\mlagents-learn config.yaml --run-id=BoxerSelfPlay_01 --force",
        "mlagents_version": "1.1.0",
        "mlagents_envs_version": "1.1.0",
        "communication_protocol_version": "1.5.0",
        "pytorch_version": "2.5.1+cu121",
        "numpy_version": "1.23.5",
        "end_time_seconds": "1772478099"
    },
    "total": 30.110633899996174,
    "count": 1,
    "self": 0.005955199994787108,
    "children": {
        "run_training.setup": {
            "total": 0.10535579999850597,
            "count": 1,
            "self": 0.10535579999850597
        },
        "TrainerController.start_learning": {
            "total": 29.99932290000288,
            "count": 1,
            "self": 0.004956200049491599,
            "children": {
                "TrainerController._reset_env": {
                    "total": 9.27522129999852,
                    "count": 1,
                    "self": 9.27522129999852
                },
                "TrainerController.advance": {
                    "total": 20.528742699963914,
                    "count": 257,
                    "self": 0.005314700014423579,
                    "children": {
                        "env_step": {
                            "total": 16.272427600008086,
                            "count": 257,
                            "self": 11.374424999812618,
                            "children": {
                                "SubprocessEnvManager._take_step": {
                                    "total": 4.895278800046071,
                                    "count": 257,
                                    "self": 0.04464500011818018,
                                    "children": {
                                        "TorchPolicy.evaluate": {
                                            "total": 4.850633799927891,
                                            "count": 514,
                                            "self": 4.850633799927891
                                        }
                                    }
                                },
                                "workers": {
                                    "total": 0.0027238001493969932,
                                    "count": 256,
                                    "self": 0.0,
                                    "children": {
                                        "worker_root": {
                                            "total": 13.152159500044945,
                                            "count": 256,
                                            "is_parallel": true,
                                            "self": 8.045126500088372,
                                            "children": {
                                                "steps_from_proto": {
                                                    "total": 0.0022452999983215705,
                                                    "count": 2,
                                                    "is_parallel": true,
                                                    "self": 0.0008571000071242452,
                                                    "children": {
                                                        "_process_rank_one_or_two_observation": {
                                                            "total": 0.0013881999911973253,
                                                            "count": 4,
                                                            "is_parallel": true,
                                                            "self": 0.0013881999911973253
                                                        }
                                                    }
                                                },
                                                "UnityEnvironment.step": {
                                                    "total": 5.104787699958251,
                                                    "count": 256,
                                                    "is_parallel": true,
                                                    "self": 0.11383630007185275,
                                                    "children": {
                                                        "UnityEnvironment._generate_step_input": {
                                                            "total": 0.34249679994536564,
                                                            "count": 256,
                                                            "is_parallel": true,
                                                            "self": 0.34249679994536564
                                                        },
                                                        "communicator.exchange": {
                                                            "total": 4.34430629988492,
                                                            "count": 256,
                                                            "is_parallel": true,
                                                            "self": 4.34430629988492
                                                        },
                                                        "steps_from_proto": {
                                                            "total": 0.30414830005611293,
                                                            "count": 512,
                                                            "is_parallel": true,
                                                            "self": 0.11541360017145053,
                                                            "children": {
                                                                "_process_rank_one_or_two_observation": {
                                                                    "total": 0.1887346998846624,
                                                                    "count": 1024,
                                                                    "is_parallel": true,
                                                                    "self": 0.1887346998846624
                                                                }
                                                            }
                                                        }
                                                    }
                                                }
                                            }
                                        }
                                    }
                                }
                            }
                        },
                        "trainer_advance": {
                            "total": 4.251000399941404,
                            "count": 256,
                            "self": 0.03613349992519943,
                            "children": {
                                "process_trajectory": {
                                    "total": 1.0402718000186724,
                                    "count": 256,
                                    "self": 1.0402718000186724
                                },
                                "_update_policy": {
                                    "total": 3.174595099997532,
                                    "count": 1,
                                    "self": 1.6677879000126268,
                                    "children": {
                                        "TorchPPOOptimizer.update": {
                                            "total": 1.5068071999849053,
                                            "count": 48,