{
    "name": "root",
    "gauges": {
        "Boxer.Policy.Entropy.mean": {
            "value": 5.581815719604492,
            "min": 5.539642333984375,
            "max": 6.590844631195068,
            "count": 500
        },
        "Boxer.Policy.Entropy.sum": {
            "value": 55371.61328125,
            "min": 53236.203125,
            "max": 80988.296875,
            "count": 500
        },
        "Boxer.Step.mean": {
            "value": 4999956.0,
            "min": 9965.0,
            "max": 4999956.0,
            "count": 500
        },
        "Boxer.Step.sum": {
            "value": 4999956.0,
            "min": 9965.0,
            "max": 4999956.0,
            "count": 500
        },
        "Boxer.Policy.ExtrinsicValueEstimate.mean": {
            "value": 0.4350282847881317,
            "min": 0.0675075575709343,
            "max": 0.46814826130867004,
            "count": 500
        },
        "Boxer.Policy.ExtrinsicValueEstimate.sum": {
            "value": 84.3954849243164,
            "min": 11.341269493103027,
            "max": 88.79219055175781,
            "count": 500
        },
        "Boxer.Environment.EpisodeLength.mean": {
            "value": 117.18181818181819,
            "min": 112.75903614457832,
            "max": 216.6315789473684,
            "count": 500
        },
        "Boxer.Environment.EpisodeLength.sum": {
            "value": 10312.0,
            "min": 4751.0,
            "max": 11420.0,
            "count": 500
        },
        "Boxer.Environment.CumulativeReward.mean": {
            "value": 1.2056179965814848,
            "min": 0.18958333926275373,
            "max": 1.2256410469611485,
            "count": 500
        },
        "Boxer.Environment.CumulativeReward.sum": {
            "value": 107.30000169575214,
            "min": 9.000000208616257,
            "max": 112.1000017374754,
            "count": 500
        },
        "Boxer.Policy.ExtrinsicReward.mean": {
            "value": 1.2056179965814848,
            "min": 0.18958333926275373,
            "max": 1.2256410469611485,
            "count": 500
        },
        "Boxer.Policy.ExtrinsicReward.sum": {
            "value": 107.30000169575214,
            "min": 9.000000208616257,
            "max": 112.1000017374754,
            "count": 500
        },
        "Boxer.IsTraining.mean": {
            "value": 1.0,
            "min": 1.0,
            "max": 1.0,
            "count": 500
        },
        "Boxer.IsTraining.sum": {
            "value": 1.0,
            "min": 1.0,
            "max": 1.0,
            "count": 500
        },
        "Boxer.Losses.PolicyLoss.mean": {
            "value": 0.012677758637194832,
            "min": 0.007993247645451144,
            "max": 0.016957887215539813,
            "count": 121
        },
        "Boxer.Losses.PolicyLoss.sum": {
            "value": 0.012677758637194832,
            "min": 0.007993247645451144,
            "max": 0.016957887215539813,
            "count": 121
        },
        "Boxer.Losses.ValueLoss.mean": {
            "value": 0.03715180071691672,
            "min": 0.03614797157545884,
            "max": 0.05059464536607265,
            "count": 121
        },
        "Boxer.Losses.ValueLoss.sum": {
            "value": 0.03715180071691672,
            "min": 0.03614797157545884,
            "max": 0.05059464536607265,
            "count": 121
        },
        "Boxer.Policy.LearningRate.mean": {
            "value": 2.069559310179989e-06,
            "min": 2.069559310179989e-06,
            "max": 0.00029754084081971995,
            "count": 121
        },
        "Boxer.Policy.LearningRate.sum": {
            "value": 2.069559310179989e-06,
            "min": 2.069559310179989e-06,
            "max": 0.00029754084081971995,
            "count": 121
        },
        "Boxer.Policy.Epsilon.mean": {
            "value": 0.10068981999999999,
            "min": 0.10068981999999999,
            "max": 0.19918028000000007,
            "count": 121
        },
        "Boxer.Policy.Epsilon.sum": {
            "value": 0.10068981999999999,
            "min": 0.10068981999999999,
            "max": 0.19918028000000007,
            "count": 121
        },
        "Boxer.Policy.Beta.mean": {
            "value": 4.442201799999983e-05,
            "min": 4.442201799999983e-05,
            "max": 0.004959095972000001,
            "count": 121
        },
        "Boxer.Policy.Beta.sum": {
            "value": 4.442201799999983e-05,
            "min": 4.442201799999983e-05,
            "max": 0.004959095972000001,
            "count": 121
        }
    },
    "metadata": {
        "timer_format_version": "0.1.0",
        "start_time_seconds": "1772155332",
        "python_version": "3.10.12 | packaged by Anaconda, Inc. | (main, Jul  5 2023, 19:01:18) [MSC v.1916 64 bit (AMD64)]",
        "command_line_arguments": "C:\\Users\\AkZer\\anaconda3\\envs\\mlagents\\Scripts\\mlagents-learn config.yaml --run-id=Boxer_Bot_02 --force",
        "mlagents_version": "1.1.0",
        "mlagents_envs_version": "1.1.0",
        "communication_protocol_version": "1.5.0",
        "pytorch_version": "2.5.1+cu121",
        "numpy_version": "1.23.5",
        "end_time_seconds": "1772158423"
    },
    "total": 3090.854553899997,
    "count": 1,
    "self": 0.007231499999761581,
    "children": {
        "run_training.setup": {
            "total": 0.07984269999724347,
            "count": 1,
            "self": 0.07984269999724347
        },
        "TrainerController.start_learning": {
            "total": 3090.7674797,
            "count": 1,
            "self": 2.014545000711223,
            "children": {
                "TrainerController._reset_env": {
                    "total": 16.06461329999729,
                    "count": 1,
                    "self": 16.06461329999729
                },
                "TrainerController.advance": {
                    "total": 3072.4923906992917,
                    "count": 96381,
                    "self": 1.9625939975012443,
                    "children": {
                        "env_step": {
                            "total": 1686.857034301538,
                            "count": 96381,
                            "self": 1009.2408181038772,
                            "children": {
                                "SubprocessEnvManager._take_step": {
                                    "total": 676.4885725981076,
                                    "count": 96381,
                                    "self": 6.637856897083111,
                                    "children": {
                                        "TorchPolicy.evaluate": {
                                            "total": 669.8507157010245,
                                            "count": 78152,
                                            "self": 669.8507157010245
                                        }
                                    }
                                },
                                "workers": {
                                    "total": 1.1276435995532665,
                                    "count": 96381,
                                    "self": 0.0,
                                    "children": {
                                        "worker_root": {
                                            "total": 3073.404583401134,
                                            "count": 96381,
                                            "is_parallel": true,
                                            "self": 2304.946424999929,
                                            "children": {
                                                "steps_from_proto": {
                                                    "total": 0.0007207000016933307,
                                                    "count": 1,
                                                    "is_parallel": true,