{"count":1,"self":430.75640319999997,"total":3077.1344147,"children":{"InitializeActuators":{"count":64,"self":0.0025144,"total":0.0025144,"children":null},"InitializeSensors":{"count":64,"self":0.0015049,"total":0.0015049,"children":null},"AgentSendState":{"count":390767,"self":10.6709176,"total":50.082895799999996,"children":{"CollectObservations":{"count":5001856,"self":8.7059024,"total":8.7059027999999987,"children":null},"WriteActionMask":{"count":5001856,"self":2.6294184,"total":2.6294185,"children":null},"RequestDecision":{"count":5001856,"self":7.9659216,"total":28.076656999999997,"children":{"AgentInfo.ToProto":{"count":5001856,"self":7.2120624,"total":20.1107351,"children":{"GenerateSensorData":{"count":5001856,"self":12.8986728,"total":12.898672999999999,"children":null}}}}}}},"DecideAction":{"count":390767,"self":2583.6079104,"total":2583.6078392,"children":null},"AgentAct":{"count":390767,"self":12.313696799999999,"total":12.3136967,"children":null},"AgentInfo.ToProto":{"count":35931,"self":0.14111479999999998,"total":0.3695443,"children":{"GenerateSensorData":{"count":35931,"self":0.22842949999999998,"total":0.22842949999999998,"children":null}}}},"gauges":{"Boxer.CumulativeReward":{"count":35931,"max":1.5,"min":-1.4,"runningAverage":1.00306737,"value":1,"weightedAverage":1.10669494}},"metadata":{"timer_format_version":"0.1.0","start_time_seconds":"1772155346","unity_version":"6000.3.9f1","command_line_arguments":"C:\\Program Files\\Unity\\Hub\\Editor\\6000.3.9f1\\Editor\\Unity.exe -projectPath C:\\Unity_project\\Wii_Boxe_AI","communication_protocol_version":"1.5.0","com.unity.ml-agents_version":"4.0.2","scene_name":"Antoine","end_time_seconds":"1772158423"}}