{"count":1,"self":15.459579199999999,"total":175.39755159999999,"children":{"InitializeActuators":{"count":64,"self":0.0030182,"total":0.0030182,"children":null},"InitializeSensors":{"count":64,"self":0.0005,"total":0.0005,"children":null},"AgentSendState":{"count":28167,"self":0.8181368,"total":3.9450952999999997,"children":{"CollectObservations":{"count":360576,"self":0.7085965,"total":0.7085965,"children":null},"WriteActionMask":{"count":360576,"self":0.18114339999999998,"total":0.18114339999999998,"children":null},"RequestDecision":{"count":360576,"self":0.5924385,"total":2.2372186,"children":{"AgentInfo.ToProto":{"count":360576,"self":0.60689739999999992,"total":1.6447801,"children":{"GenerateSensorData":{"count":360576,"self":1.0378827,"total":1.0378827,"children":null}}}}}}},"DecideAction":{"count":28167,"self":155.0370048,"total":155.0370043,"children":null},"AgentAct":{"count":28167,"self":0.95185009999999992,"total":0.95185009999999992,"children":null}},"gauges":{},"metadata":{"timer_format_version":"0.1.0","start_time_seconds":"1772123342","unity_version":"6000.3.9f1","command_line_arguments":"C:\\Program Files\\Unity\\Hub\\Editor\\6000.3.9f1\\Editor\\Unity.exe -projectPath C:\\Unity_project\\Wii_Boxe_AI","communication_protocol_version":"1.5.0","com.unity.ml-agents_version":"4.0.2","scene_name":"Antoine","end_time_seconds":"1772123517"}}