{"count":1,"self":2925.5370752,"total":2932.2860756,"children":{"InitializeActuators":{"count":64,"self":0.00099629999999999988,"total":0.00099629999999999988,"children":null},"InitializeSensors":{"count":64,"self":0.0015103999999999999,"total":0.0015103999999999999,"children":null},"AgentSendState":{"count":66554,"self":1.4993086,"total":3.4231251,"children":{"CollectObservations":{"count":851904,"self":1.1704843999999999,"total":1.1704843999999999,"children":null},"WriteActionMask":{"count":851904,"self":0.2873196,"total":0.2873196,"children":null},"RequestDecision":{"count":851904,"self":0.4660125,"total":0.4660125,"children":null}}},"DecideAction":{"count":66554,"self":1.5067435999999998,"total":1.5067435999999998,"children":null},"AgentAct":{"count":66554,"self":1.8166795999999998,"total":1.8166795,"children":null}},"gauges":{"Boxer.CumulativeReward":{"count":2775,"max":-2.05010247,"min":-2.67226648,"runningAverage":-2.15175676,"value":-2.20041084,"weightedAverage":-2.18185782}},"metadata":{"timer_format_version":"0.1.0","start_time_seconds":"1772124700","unity_version":"6000.3.9f1","command_line_arguments":"C:\\Program Files\\Unity\\Hub\\Editor\\6000.3.9f1\\Editor\\Unity.exe -projectpath C:\\Users\\eloic\\Documents\\GitHub\\BoxingGame_Projet -acceptSoftwareTermsForThisRunOnly -useHub -hubIPC -cloudEnvironment production","communication_protocol_version":"1.5.0","com.unity.ml-agents_version":"4.0.2","scene_name":"Antoine","end_time_seconds":"1772127633"}}