{"count":1,"self":245.9607552,"total":2597.8431092,"children":{"InitializeActuators":{"count":64,"self":0.0025134999999999997,"total":0.0025134999999999997,"children":null},"InitializeSensors":{"count":64,"self":0.0015065999999999999,"total":0.0015065999999999999,"children":null},"AgentSendState":{"count":390784,"self":10.884784,"total":50.5839797,"children":{"CollectObservations":{"count":5002048,"self":9.1125504,"total":9.1125499999999988,"children":null},"WriteActionMask":{"count":5002048,"self":2.4510566,"total":2.4510566,"children":null},"RequestDecision":{"count":5002048,"self":7.8471151999999993,"total":28.135589099999997,"children":{"AgentInfo.ToProto":{"count":5002048,"self":7.145636,"total":20.2884743,"children":{"GenerateSensorData":{"count":5002048,"self":13.142838399999999,"total":13.1428386,"children":null}}}}}}},"DecideAction":{"count":390784,"self":2288.3233792,"total":2288.3232834,"children":null},"AgentAct":{"count":390784,"self":12.839124799999999,"total":12.8391252,"children":null},"AgentInfo.ToProto":{"count":10996,"self":0.0488273,"total":0.1319543,"children":{"GenerateSensorData":{"count":10996,"self":0.083126999999999993,"total":0.083126999999999993,"children":null}}}},"gauges":{"Boxer.CumulativeReward":{"count":10996,"max":1.84660184,"min":-1.97990882,"runningAverage":0.105604269,"value":1.33659756,"weightedAverage":0.803056359}},"metadata":{"timer_format_version":"0.1.0","start_time_seconds":"1772143004","unity_version":"6000.3.9f1","command_line_arguments":"C:\\Program Files\\Unity\\Hub\\Editor\\6000.3.9f1\\Editor\\Unity.exe -projectPath C:\\Unity_project\\Wii_Boxe_AI","communication_protocol_version":"1.5.0","com.unity.ml-agents_version":"4.0.2","scene_name":"Antoine","end_time_seconds":"1772145602"}}