{"count":1,"self":94.636140799999993,"total":94.6955066,"children":{"InitializeActuators":{"count":1,"self":0.0020085,"total":0.0020085,"children":null},"InitializeSensors":{"count":1,"self":0.00099969999999999985,"total":0.00099969999999999985,"children":null},"AgentSendState":{"count":4423,"self":0.022650299999999998,"total":0.028699199999999998,"children":{"CollectObservations":{"count":885,"self":0.0045258999999999994,"total":0.0045258999999999994,"children":null},"WriteActionMask":{"count":885,"self":0.0005066,"total":0.0005066,"children":null},"RequestDecision":{"count":885,"self":0.0010164,"total":0.0010164,"children":null}}},"DecideAction":{"count":4423,"self":0.016598599999999998,"total":0.016598599999999998,"children":null},"AgentAct":{"count":4423,"self":0.0105594,"total":0.0105594,"children":null}},"gauges":{"Boxer.CumulativeReward":{"count":7,"max":-1.23550034,"min":-1.3078928,"runningAverage":-1.254956,"value":-1.24220049,"weightedAverage":-1.25099456}},"metadata":{"timer_format_version":"0.1.0","start_time_seconds":"1772142826","unity_version":"6000.3.9f1","command_line_arguments":"C:\\Program Files\\Unity\\Hub\\Editor\\6000.3.9f1\\Editor\\Unity.exe -projectPath C:\\Unity_project\\Wii_Boxe_AI","communication_protocol_version":"1.5.0","com.unity.ml-agents_version":"4.0.2","scene_name":"Dyne","end_time_seconds":"1772142921"}}