{"count":1,"self":28.339625599999998,"total":28.4674381,"children":{"InitializeActuators":{"count":2,"self":0.0015199999999999999,"total":0.0015199999999999999,"children":null},"InitializeSensors":{"count":2,"self":0.0015197,"total":0.0015197,"children":null},"AgentSendState":{"count":1148,"self":0.0085598999999999988,"total":0.0236688,"children":{"CollectObservations":{"count":230,"self":0.0035277999999999998,"total":0.0035277999999999998,"children":null},"WriteActionMask":{"count":230,"self":0.0010046999999999999,"total":0.0010046999999999999,"children":null},"RequestDecision":{"count":230,"self":0.0105764,"total":0.0105764,"children":null}}},"DecideAction":{"count":1148,"self":0.096084499999999989,"total":0.096084499999999989,"children":null},"AgentAct":{"count":1148,"self":0.0045173999999999995,"total":0.0045173999999999995,"children":null}},"gauges":{"Boxer.CumulativeReward":{"count":2,"max":3.1180656,"min":0.7080667,"runningAverage":1.91306615,"value":0.7080667,"weightedAverage":2.51556587}},"metadata":{"timer_format_version":"0.1.0","start_time_seconds":"1772620177","unity_version":"6000.3.9f1","command_line_arguments":"C:\\Program Files\\Unity\\Hub\\Editor\\6000.3.9f1\\Editor\\Unity.exe -projectpath C:\\Unity_project\\Wii_Boxe_AI -acceptSoftwareTermsForThisRunOnly -useHub -hubIPC -cloudEnvironment production","communication_protocol_version":"1.5.0","com.unity.ml-agents_version":"4.0.2","scene_name":"Eloi","end_time_seconds":"1772620206"}}