{"count":1,"self":1397.2909055999999,"total":8124.7562664,"children":{"InitializeActuators":{"count":128,"self":0.003005,"total":0.003005,"children":null},"InitializeSensors":{"count":128,"self":0.0020055999999999997,"total":0.0020055999999999997,"children":null},"AgentSendState":{"count":1063768,"self":60.157312,"total":276.753271,"children":{"CollectObservations":{"count":27651712,"self":56.0467776,"total":56.046774799999994,"children":null},"WriteActionMask":{"count":27651712,"self":13.896790399999999,"total":13.896790999999999,"children":null},"RequestDecision":{"count":27651712,"self":44.923251199999996,"total":146.65239119999998,"children":{"AgentInfo.ToProto":{"count":27651712,"self":39.141987199999996,"total":101.7291398,"children":{"GenerateSensorData":{"count":27651712,"self":62.5871552,"total":62.587152399999994,"children":null}}}}}}},"DecideAction":{"count":1063768,"self":6268.9583103999994,"total":6268.958442,"children":null},"AgentAct":{"count":1063768,"self":181.60367359999998,"total":181.6036729,"children":null},"AgentInfo.ToProto":{"count":16674,"self":0.0644998,"total":0.14347169999999998,"children":{"GenerateSensorData":{"count":16674,"self":0.0789719,"total":0.0789719,"children":null}}}},"gauges":{"Boxer.CumulativeReward":{"count":16674,"max":134.734146,"min":-0.919017136,"runningAverage":13.5812807,"value":21.589735,"weightedAverage":17.7125378}},"metadata":{"timer_format_version":"0.1.0","start_time_seconds":"1772576626","unity_version":"6000.3.9f1","command_line_arguments":"C:\\Program Files\\Unity\\Hub\\Editor\\6000.3.9f1\\Editor\\Unity.exe -projectpath C:\\Unity_project\\Wii_Boxe_AI -acceptSoftwareTermsForThisRunOnly -useHub -hubIPC -cloudEnvironment production","communication_protocol_version":"1.5.0","com.unity.ml-agents_version":"4.0.2","scene_name":"Training","end_time_seconds":"1772584751"}}