{"count":1,"self":70.6134272,"total":312.8558122,"children":{"InitializeActuators":{"count":128,"self":0.0015000999999999999,"total":0.0015000999999999999,"children":null},"InitializeSensors":{"count":128,"self":0.0009996,"total":0.0009996,"children":null},"AgentSendState":{"count":42884,"self":2.3668956,"total":11.2984906,"children":{"CollectObservations":{"count":1120000,"self":2.360105,"total":2.360105,"children":null},"WriteActionMask":{"count":1120000,"self":0.5503519,"total":0.5503519,"children":null},"RequestDecision":{"count":1120000,"self":1.8840164,"total":6.0211381,"children":{"AgentInfo.ToProto":{"count":1120000,"self":1.5711047,"total":4.1371215999999995,"children":{"GenerateSensorData":{"count":1120000,"self":2.5660168,"total":2.5660168999999997,"children":null}}}}}}},"DecideAction":{"count":42884,"self":225.6393728,"total":225.63938149999998,"children":null},"AgentAct":{"count":42884,"self":5.2924552,"total":5.2924552999999994,"children":null},"AgentInfo.ToProto":{"count":952,"self":0.0040482999999999995,"total":0.0095558,"children":{"GenerateSensorData":{"count":952,"self":0.0055074999999999994,"total":0.0055074999999999994,"children":null}}}},"gauges":{"Boxer.CumulativeReward":{"count":952,"max":44.4289169,"min":-0.8985316,"runningAverage":6.802926,"value":32.6377,"weightedAverage":16.3203621}},"metadata":{"timer_format_version":"0.1.0","start_time_seconds":"1772589177","unity_version":"6000.3.9f1","command_line_arguments":"C:\\Program Files\\Unity\\Hub\\Editor\\6000.3.9f1\\Editor\\Unity.exe -projectpath C:\\Unity_project\\Wii_Boxe_AI -acceptSoftwareTermsForThisRunOnly -useHub -hubIPC -cloudEnvironment production","communication_protocol_version":"1.5.0","com.unity.ml-agents_version":"4.0.2","scene_name":"Training","end_time_seconds":"1772589489"}}