{"count":1,"self":280.9813504,"total":1802.9126185999999,"children":{"InitializeActuators":{"count":128,"self":0.0025088999999999997,"total":0.0025088999999999997,"children":null},"InitializeSensors":{"count":128,"self":0.0010002,"total":0.0010002,"children":null},"AgentSendState":{"count":194584,"self":11.041043199999999,"total":55.1501173,"children":{"CollectObservations":{"count":5041152,"self":12.834007999999999,"total":12.834007999999999,"children":null},"WriteActionMask":{"count":5041152,"self":2.378222,"total":2.3782218999999998,"children":null},"RequestDecision":{"count":5041152,"self":8.393684,"total":28.896844299999998,"children":{"AgentInfo.ToProto":{"count":5041152,"self":7.3538343999999993,"total":20.503160599999998,"children":{"GenerateSensorData":{"count":5041152,"self":13.1493264,"total":13.149326499999999,"children":null}}}}}}},"DecideAction":{"count":194584,"self":1433.0934272,"total":1433.0934353999999,"children":null},"AgentAct":{"count":194584,"self":33.6592864,"total":33.6592869,"children":null},"AgentInfo.ToProto":{"count":1650,"self":0.0108785,"total":0.0249238,"children":{"GenerateSensorData":{"count":1650,"self":0.0140453,"total":0.0140453,"children":null}}}},"gauges":{"Boxer.CumulativeReward":{"count":1650,"max":32.54775,"min":-2.56244659,"runningAverage":1.45078874,"value":9.598144,"weightedAverage":2.40064621}},"metadata":{"timer_format_version":"0.1.0","start_time_seconds":"1772493114","unity_version":"6000.3.9f1","command_line_arguments":"C:\\Program Files\\Unity\\Hub\\Editor\\6000.3.9f1\\Editor\\Unity.exe -projectpath C:\\Unity_project\\Wii_Boxe_AI -acceptSoftwareTermsForThisRunOnly -useHub -hubIPC -cloudEnvironment production","communication_protocol_version":"1.5.0","com.unity.ml-agents_version":"4.0.2","scene_name":"Training","end_time_seconds":"1772494917"}}