{"count":1,"self":18.7964544,"total":126.1275781,"children":{"InitializeActuators":{"count":128,"self":0.0025084,"total":0.0025084,"children":null},"InitializeSensors":{"count":128,"self":0.0015118999999999998,"total":0.0015118999999999998,"children":null},"AgentSendState":{"count":11017,"self":0.6300823,"total":3.0547111,"children":{"CollectObservations":{"count":282240,"self":0.6786765,"total":0.6786765,"children":null},"WriteActionMask":{"count":282240,"self":0.14204229999999998,"total":0.14204229999999998,"children":null},"RequestDecision":{"count":282240,"self":0.49360119999999996,"total":1.60391,"children":{"AgentInfo.ToProto":{"count":282240,"self":0.42360119999999996,"total":1.1103087999999999,"children":{"GenerateSensorData":{"count":282240,"self":0.6867076,"total":0.6867076,"children":null}}}}}}},"DecideAction":{"count":11017,"self":102.4679616,"total":102.467963,"children":null},"AgentAct":{"count":11017,"self":1.7973826,"total":1.8024158,"children":{"AgentInfo.ToProto":{"count":732,"self":0.0025277999999999998,"total":0.0050332,"children":{"GenerateSensorData":{"count":732,"self":0.0025054,"total":0.0025054,"children":null}}}}},"AgentInfo.ToProto":{"count":140,"self":0.0010054,"total":0.0015148,"children":{"GenerateSensorData":{"count":140,"self":0.0005094,"total":0.0005094,"children":null}}}},"gauges":{"Boxer.CumulativeReward":{"count":872,"max":1.48890221,"min":-1.31819987,"runningAverage":0.140491247,"value":0.09550046,"weightedAverage":0.106095955}},"metadata":{"timer_format_version":"0.1.0","start_time_seconds":"1772476315","unity_version":"6000.3.9f1","command_line_arguments":"C:\\Program Files\\Unity\\Hub\\Editor\\6000.3.9f1\\Editor\\Unity.exe -projectpath C:\\Unity_project\\Wii_Boxe_AI -acceptSoftwareTermsForThisRunOnly -useHub -hubIPC -cloudEnvironment production","communication_protocol_version":"1.5.0","com.unity.ml-agents_version":"4.0.2","scene_name":"Training","end_time_seconds":"1772476441"}}