{
    "name": "root",
    "gauges": {
        "Boxer.Policy.Entropy.mean": {
            "value": 3.4296746253967285,
            "min": 3.4296746253967285,
            "max": 3.616032600402832,
            "count": 500
        },
        "Boxer.Policy.Entropy.sum": {
            "value": 33363.875,
            "min": 29622.484375,
            "max": 44433.69140625,
            "count": 500
        },
        "Boxer.Step.mean": {
            "value": 4999954.0,
            "min": 9984.0,
            "max": 4999954.0,
            "count": 500
        },
        "Boxer.Step.sum": {
            "value": 4999954.0,
            "min": 9984.0,
            "max": 4999954.0,
            "count": 500
        },
        "Boxer.Policy.ExtrinsicValueEstimate.mean": {
            "value": 0.08264042437076569,
            "min": -0.07384862005710602,
            "max": 0.08315736055374146,
            "count": 500
        },
        "Boxer.Policy.ExtrinsicValueEstimate.sum": {
            "value": 13.553030014038086,
            "min": -12.547693252563477,
            "max": 14.136751174926758,
            "count": 500
        },
        "Boxer.IsTraining.mean": {
            "value": 1.0,
            "min": 1.0,
            "max": 1.0,
            "count": 500
        },
        "Boxer.IsTraining.sum": {
            "value": 1.0,
            "min": 1.0,
            "max": 1.0,
            "count": 500
        },
        "Boxer.Environment.EpisodeLength.mean": {
            "value": 510.05555555555554,
            "min": 291.6666666666667,
            "max": 510.05555555555554,
            "count": 499
        },
        "Boxer.Environment.EpisodeLength.sum": {
            "value": 9181.0,
            "min": 2625.0,
            "max": 18835.0,
            "count": 499
        },
        "Boxer.Environment.CumulativeReward.mean": {
            "value": 0.45474992588990265,
            "min": -0.9611053719724479,
            "max": 0.8844999320184191,
            "count": 499
        },
        "Boxer.Environment.CumulativeReward.sum": {
            "value": 8.185498666018248,
            "min": -23.339504837989807,
            "max": 22.44949758425355,
            "count": 499
        },
        "Boxer.Policy.ExtrinsicReward.mean": {
            "value": 0.45474992588990265,
            "min": -0.9611053719724479,
            "max": 0.8844999320184191,
            "count": 499
        },
        "Boxer.Policy.ExtrinsicReward.sum": {
            "value": 8.185498666018248,
            "min": -23.339504837989807,
            "max": 22.44949758425355,
            "count": 499
        },
        "Boxer.Losses.PolicyLoss.mean": {
            "value": 0.011682981435054291,
            "min": 0.008201364855995052,
            "max": 0.015550336678279564,
            "count": 121
        },
        "Boxer.Losses.PolicyLoss.sum": {
            "value": 0.011682981435054291,
            "min": 0.008201364855995052,
            "max": 0.015550336678279564,
            "count": 121
        },
        "Boxer.Losses.ValueLoss.mean": {
            "value": 0.01615876527503133,
            "min": 0.014306399505585432,
            "max": 0.031275934725999835,
            "count": 121
        },
        "Boxer.Losses.ValueLoss.sum": {
            "value": 0.01615876527503133,
            "min": 0.014306399505585432,
            "max": 0.031275934725999835,
            "count": 121
        },
        "Boxer.Policy.LearningRate.mean": {
            "value": 2.099799300099993e-06,
            "min": 2.099799300099993e-06,
            "max": 0.00029754156081948,
            "count": 121
        },
        "Boxer.Policy.LearningRate.sum": {
            "value": 2.099799300099993e-06,
            "min": 2.099799300099993e-06,
            "max": 0.00029754156081948,
            "count": 121
        },
        "Boxer.Policy.Epsilon.mean": {
            "value": 0.1006999,
            "min": 0.1006999,
            "max": 0.19918051999999994,
            "count": 121
        },
        "Boxer.Policy.Epsilon.sum": {
            "value": 0.1006999,
            "min": 0.1006999,
            "max": 0.19918051999999994,
            "count": 121
        },
        "Boxer.Policy.Beta.mean": {
            "value": 4.4925009999999887e-05,
            "min": 4.4925009999999887e-05,
            "max": 0.0049591079480000005,
            "count": 121
        },
        "Boxer.Policy.Beta.sum": {
            "value": 4.4925009999999887e-05,
            "min": 4.4925009999999887e-05,
            "max": 0.0049591079480000005,
            "count": 121
        }
    },
    "metadata": {
        "timer_format_version": "0.1.0",
        "start_time_seconds": "1772142995",
        "python_version": "3.10.12 | packaged by Anaconda, Inc. | (main, Jul  5 2023, 19:01:18) [MSC v.1916 64 bit (AMD64)]",
        "command_line_arguments": "C:\\Users\\AkZer\\anaconda3\\envs\\mlagents\\Scripts\\mlagents-learn config.yaml --run-id=Boxer_Bot_01 --force",
        "mlagents_version": "1.1.0",
        "mlagents_envs_version": "1.1.0",
        "communication_protocol_version": "1.5.0",
        "pytorch_version": "2.5.1+cu121",
        "numpy_version": "1.23.5",
        "end_time_seconds": "1772145602"
    },
    "total": 2606.693648799999,
    "count": 1,
    "self": 0.009534400000120513,
    "children": {
        "run_training.setup": {
            "total": 0.0854858000020613,
            "count": 1,
            "self": 0.0854858000020613
        },
        "TrainerController.start_learning": {
            "total": 2606.598628599997,
            "count": 1,
            "self": 1.8807422990939813,
            "children": {
                "TrainerController._reset_env": {
                    "total": 11.364938300001086,
                    "count": 1,
                    "self": 11.364938300001086
                },
                "TrainerController.advance": {
                    "total": 2593.215062400908,
                    "count": 86314,
                    "self": 1.736962899522041,
                    "children": {
                        "env_step": {
                            "total": 1288.0972429000467,
                            "count": 86314,
                            "self": 806.5140759995556,
                            "children": {
                                "SubprocessEnvManager._take_step": {
                                    "total": 480.55927740069455,
                                    "count": 86314,
                                    "self": 6.572794600760972,
                                    "children": {
                                        "TorchPolicy.evaluate": {
                                            "total": 473.9864827999336,
                                            "count": 78155,
                                            "self": 473.9864827999336
                                        }
                                    }
                                },
                                "workers": {
                                    "total": 1.0238894997964962,
                                    "count": 86314,
                                    "self": 0.0,
                                    "children": {
                                        "worker_root": {
                                            "total": 2594.684098203681,
                                            "count": 86314,
                                            "is_parallel": true,
                                            "self": 2014.696000903852,
                                            "children": {
                                                "steps_from_proto": {
                                                    "total": 0.0017909999951370992,
                                                    "count": 1,
                                                    "is_parallel": true,
                                                    "self": 0.0005901999902562238,