{
    "name": "root",
    "gauges": {
        "Boxer.Policy.Entropy.mean": {
            "value": 3.517261028289795,
            "min": 3.5086891651153564,
            "max": 3.6152687072753906,
            "count": 500
        },
        "Boxer.Policy.Entropy.sum": {
            "value": 28813.40234375,
            "min": 28751.578125,
            "max": 63706.953125,
            "count": 500
        },
        "Boxer.Step.mean": {
            "value": 4999942.0,
            "min": 9984.0,
            "max": 4999942.0,
            "count": 500
        },
        "Boxer.Step.sum": {
            "value": 4999942.0,
            "min": 9984.0,
            "max": 4999942.0,
            "count": 500
        },
        "Boxer.Policy.ExtrinsicValueEstimate.mean": {
            "value": -0.2357681542634964,
            "min": -0.25281795859336853,
            "max": 0.008897501975297928,
            "count": 500
        },
        "Boxer.Policy.ExtrinsicValueEstimate.sum": {
            "value": -37.48713684082031,
            "min": -41.73172378540039,
            "max": 1.3880102634429932,
            "count": 500
        },
        "Boxer.IsTraining.mean": {
            "value": 1.0,
            "min": 1.0,
            "max": 1.0,
            "count": 500
        },
        "Boxer.IsTraining.sum": {
            "value": 1.0,
            "min": 1.0,
            "max": 1.0,
            "count": 500
        },
        "Boxer.Losses.PolicyLoss.mean": {
            "value": 0.01961408347455694,
            "min": 0.011689853089693416,
            "max": 0.022170974326207106,
            "count": 207
        },
        "Boxer.Losses.PolicyLoss.sum": {
            "value": 0.01961408347455694,
            "min": 0.011689853089693416,
            "max": 0.022170974326207106,
            "count": 207
        },
        "Boxer.Losses.ValueLoss.mean": {
            "value": 0.014428807396648658,
            "min": 0.0013775479132568256,
            "max": 0.04495166813333829,
            "count": 207
        },
        "Boxer.Losses.ValueLoss.sum": {
            "value": 0.014428807396648658,
            "min": 0.0013775479132568256,
            "max": 0.04495166813333829,
            "count": 207
        },
        "Boxer.Policy.LearningRate.mean": {
            "value": 1.355499548200007e-06,
            "min": 1.355499548200007e-06,
            "max": 0.00029852544049151984,
            "count": 207
        },
        "Boxer.Policy.LearningRate.sum": {
            "value": 1.355499548200007e-06,
            "min": 1.355499548200007e-06,
            "max": 0.00029852544049151984,
            "count": 207
        },
        "Boxer.Policy.Epsilon.mean": {
            "value": 0.10045180000000002,
            "min": 0.10045180000000002,
            "max": 0.19950848000000007,
            "count": 207
        },
        "Boxer.Policy.Epsilon.sum": {
            "value": 0.10045180000000002,
            "min": 0.10045180000000002,
            "max": 0.19950848000000007,
            "count": 207
        },
        "Boxer.Policy.Beta.mean": {
            "value": 3.2544820000000124e-05,
            "min": 3.2544820000000124e-05,
            "max": 0.0049754731520000005,
            "count": 207
        },
        "Boxer.Policy.Beta.sum": {
            "value": 3.2544820000000124e-05,
            "min": 3.2544820000000124e-05,
            "max": 0.0049754731520000005,
            "count": 207
        },
        "Boxer.Environment.EpisodeLength.mean": {
            "value": 243.33333333333334,
            "min": 174.0,
            "max": 378.875,
            "count": 349
        },
        "Boxer.Environment.EpisodeLength.sum": {
            "value": 1460.0,
            "min": 348.0,
            "max": 33118.0,
            "count": 349
        },
        "Boxer.Self-play.ELO.mean": {
            "value": 1.0030766983607735,
            "min": 1.0030766983607735,
            "max": 1171.5630387241843,
            "count": 349
        },
        "Boxer.Self-play.ELO.sum": {
            "value": 6.018460190164641,
            "min": 3.090274482230814,
            "max": 131215.06033710865,
            "count": 349
        },
        "Boxer.Environment.CumulativeReward.mean": {
            "value": -0.6083332871397337,
            "min": -1.6349999606609344,
            "max": 0.6600000113248825,
            "count": 352
        },
        "Boxer.Environment.CumulativeReward.sum": {
            "value": -3.649999722838402,
            "min": -83.13749662786722,
            "max": 0.6600000113248825,
            "count": 352
        },
        "Boxer.Policy.ExtrinsicReward.mean": {
            "value": -0.6083332871397337,
            "min": -1.6349999606609344,
            "max": 0.6600000113248825,
            "count": 352
        },
        "Boxer.Policy.ExtrinsicReward.sum": {
            "value": -3.649999722838402,
            "min": -83.13749662786722,
            "max": 0.6600000113248825,
            "count": 352
        }
    },
    "metadata": {
        "timer_format_version": "0.1.0",
        "start_time_seconds": "1772040801",
        "python_version": "3.10.12 | packaged by Anaconda, Inc. | (main, Jul  5 2023, 19:01:18) [MSC v.1916 64 bit (AMD64)]",
        "command_line_arguments": "C:\\Users\\AkZer\\anaconda3\\envs\\mlagents\\Scripts\\mlagents-learn config.yaml --force",
        "mlagents_version": "1.1.0",
        "mlagents_envs_version": "1.1.0",
        "communication_protocol_version": "1.5.0",
        "pytorch_version": "2.5.1+cu121",
        "numpy_version": "1.23.5",
        "end_time_seconds": "1772042960"
    },
    "total": 2158.197035099998,
    "count": 1,
    "self": 0.008501499996782513,
    "children": {
        "run_training.setup": {
            "total": 0.09150360000057844,
            "count": 1,
            "self": 0.09150360000057844
        },
        "TrainerController.start_learning": {
            "total": 2158.097030000001,
            "count": 1,
            "self": 0.8505668002217135,
            "children": {
                "TrainerController._reset_env": {
                    "total": 13.32353100000546,
                    "count": 48,
                    "self": 13.32353100000546
                },
                "TrainerController.advance": {
                    "total": 2143.829972799773,
                    "count": 41267,
                    "self": 0.9789732998578984,
                    "children": {
                        "env_step": {
                            "total": 875.3043607996879,
                            "count": 41267,
                            "self": 609.5769605999812,
                            "children": {
                                "SubprocessEnvManager._take_step": {
                                    "total": 265.23882539963597,
                                    "count": 41267,
                                    "self": 4.962042199815187,
                                    "children": {
                                        "TorchPolicy.evaluate": {
                                            "total": 260.2767831998208,
                                            "count": 39756,
                                            "self": 260.2767831998208
                                        }
                                    }
                                },
                                "workers": {
                                    "total": 0.48857480007063714,
                                    "count": 41267,
                                    "self": 0.0,
                                    "children": {
                                        "worker_root": {
                                            "total": 2144.984532499733,
                                            "count": 41267,
                                            "is_parallel": true,
                                            "self": 1738.4161906997433,